Name,Attack,Defense,HP,Region,Sp. Atk,Sp. Def,Speed,Type 1,Type 2
Bulbasaur,49,49,45,Kanto,65,65,45,Grass,Poison
Ivysaur,62,63,60,Kanto,80,80,60,Grass,Poison
Venusaur,82,83,80,Kanto,100,100,80,Grass,Poison
Charmander,52,43,39,Kanto,60,50,65,Fire,DNE
Charmeleon,64,58,58,Kanto,80,65,80,Fire,DNE
Charizard,84,78,78,Kanto,109,85,100,Fire,Flying
Squirtle,48,65,44,Kanto,50,64,43,Water,DNE
Wartortle,63,80,59,Kanto,65,80,58,Water,DNE
Blastoise,83,100,79,Kanto,85,105,78,Water,DNE
Caterpie,30,35,45,Kanto,20,20,45,Bug,DNE
Metapod,20,55,50,Kanto,25,25,30,Bug,DNE
Butterfree,45,50,60,Kanto,90,80,70,Bug,Flying
Weedle,35,30,40,Kanto,20,20,50,Bug,Poison
Kakuna,25,50,45,Kanto,25,25,35,Bug,Poison
Beedrill,90,40,65,Kanto,45,80,75,Bug,Poison
Pidgey,45,40,40,Kanto,35,35,56,Normal,Flying
Pidgeotto,60,55,63,Kanto,50,50,71,Normal,Flying
Pidgeot,80,75,83,Kanto,70,70,101,Normal,Flying
Rattata,56,35,30,Kanto,25,35,72,Normal,DNE
Raticate,81,60,55,Kanto,50,70,97,Normal,DNE
Spearow,60,30,40,Kanto,31,31,70,Normal,Flying
Fearow,90,65,65,Kanto,61,61,100,Normal,Flying
Ekans,60,44,35,Kanto,40,54,55,Poison,DNE
Arbok,95,69,60,Kanto,65,79,80,Poison,DNE
Pikachu,55,40,35,Kanto,50,50,90,Electric,DNE
Raichu,90,55,60,Kanto,90,80,110,Electric,DNE
Sandshrew,75,85,50,Kanto,20,30,40,Ground,DNE
Sandslash,100,110,75,Kanto,45,55,65,Ground,DNE
Nidorina,62,67,70,Kanto,55,55,56,Poison,DNE
Nidoqueen,92,87,90,Kanto,75,85,76,Poison,Ground
Nidorino,72,57,61,Kanto,55,55,65,Poison,DNE
Nidoking,102,77,81,Kanto,85,75,85,Poison,Ground
Clefairy,45,48,70,Kanto,60,65,35,Fairy,DNE
Clefable,70,73,95,Kanto,95,90,60,Fairy,DNE
Vulpix,41,40,38,Kanto,50,65,65,Fire,DNE
Ninetales,76,75,73,Kanto,81,100,100,Fire,DNE
Jigglypuff,45,20,115,Kanto,45,25,20,Normal,Fairy
Wigglytuff,70,45,140,Kanto,85,50,45,Normal,Fairy
Zubat,45,35,40,Kanto,30,40,55,Poison,Flying
Golbat,80,70,75,Kanto,65,75,90,Poison,Flying
Oddish,50,55,45,Kanto,75,65,30,Grass,Poison
Gloom,65,70,60,Kanto,85,75,40,Grass,Poison
Vileplume,80,85,75,Kanto,110,90,50,Grass,Poison
Paras,70,55,35,Kanto,45,55,25,Bug,Grass
Parasect,95,80,60,Kanto,60,80,30,Bug,Grass
Venonat,55,50,60,Kanto,40,55,45,Bug,Poison
Venomoth,65,60,70,Kanto,90,75,90,Bug,Poison
Diglett,55,25,10,Kanto,35,45,95,Ground,DNE
Dugtrio,100,50,35,Kanto,50,70,120,Ground,DNE
Meowth,45,35,40,Kanto,40,40,90,Normal,DNE
Persian,70,60,65,Kanto,65,65,115,Normal,DNE
Psyduck,52,48,50,Kanto,65,50,55,Water,DNE
Golduck,82,78,80,Kanto,95,80,85,Water,DNE
Mankey,80,35,40,Kanto,35,45,70,Fighting,DNE
Primeape,105,60,65,Kanto,60,70,95,Fighting,DNE
Growlithe,70,45,55,Kanto,70,50,60,Fire,DNE
Arcanine,110,80,90,Kanto,100,80,95,Fire,DNE
Poliwag,50,40,40,Kanto,40,40,90,Water,DNE
Poliwhirl,65,65,65,Kanto,50,50,90,Water,DNE
Poliwrath,95,95,90,Kanto,70,90,70,Water,Fighting
Abra,20,15,25,Kanto,105,55,90,Psychic,DNE
Kadabra,35,30,40,Kanto,120,70,105,Psychic,DNE
Alakazam,50,45,55,Kanto,135,95,120,Psychic,DNE
Machop,80,50,70,Kanto,35,35,35,Fighting,DNE
Machoke,100,70,80,Kanto,50,60,45,Fighting,DNE
Machamp,130,80,90,Kanto,65,85,55,Fighting,DNE
Bellsprout,75,35,50,Kanto,70,30,40,Grass,Poison
Weepinbell,90,50,65,Kanto,85,45,55,Grass,Poison
Victreebel,105,65,80,Kanto,100,70,70,Grass,Poison
Tentacool,40,35,40,Kanto,50,100,70,Water,Poison
Tentacruel,70,65,80,Kanto,80,120,100,Water,Poison
Geodude,80,100,40,Kanto,30,30,20,Rock,Ground
Graveler,95,115,55,Kanto,45,45,35,Rock,Ground
Golem,120,130,80,Kanto,55,65,45,Rock,Ground
Ponyta,85,55,50,Kanto,65,65,90,Fire,DNE
Rapidash,100,70,65,Kanto,80,80,105,Fire,DNE
Slowpoke,65,65,90,Kanto,40,40,15,Water,Psychic
Slowbro,75,110,95,Kanto,100,80,30,Water,Psychic
Magnemite,35,70,25,Kanto,95,55,45,Electric,Steel
Magneton,60,95,50,Kanto,120,70,70,Electric,Steel
Doduo,85,45,35,Kanto,35,35,75,Normal,Flying
Dodrio,110,70,60,Kanto,60,60,110,Normal,Flying
Seel,45,55,65,Kanto,45,70,45,Water,DNE
Dewgong,70,80,90,Kanto,70,95,70,Water,Ice
Grimer,80,50,80,Kanto,40,50,25,Poison,DNE
Muk,105,75,105,Kanto,65,100,50,Poison,DNE
Shellder,65,100,30,Kanto,45,25,40,Water,DNE
Cloyster,95,180,50,Kanto,85,45,70,Water,Ice
Gastly,35,30,30,Kanto,100,35,80,Ghost,Poison
Haunter,50,45,45,Kanto,115,55,95,Ghost,Poison
Gengar,65,60,60,Kanto,130,75,110,Ghost,Poison
Onix,45,160,35,Kanto,30,45,70,Rock,Ground
Drowzee,48,45,60,Kanto,43,90,42,Psychic,DNE
Hypno,73,70,85,Kanto,73,115,67,Psychic,DNE
Krabby,105,90,30,Kanto,25,25,50,Water,DNE
Kingler,130,115,55,Kanto,50,50,75,Water,DNE
Voltorb,30,50,40,Kanto,55,55,100,Electric,DNE
Electrode,50,70,60,Kanto,80,80,150,Electric,DNE
Exeggcute,40,80,60,Kanto,60,45,40,Grass,Psychic
Exeggutor,95,85,95,Kanto,125,75,55,Grass,Psychic
Cubone,50,95,50,Kanto,40,50,35,Ground,DNE
Marowak,80,110,60,Kanto,50,80,45,Ground,DNE
Hitmonlee,120,53,50,Kanto,35,110,87,Fighting,DNE
Hitmonchan,105,79,50,Kanto,35,110,76,Fighting,DNE
Lickitung,55,75,90,Kanto,60,75,30,Normal,DNE
Koffing,65,95,40,Kanto,60,45,35,Poison,DNE
Weezing,90,120,65,Kanto,85,70,60,Poison,DNE
Rhyhorn,85,95,80,Kanto,30,30,25,Ground,Rock
Rhydon,130,120,105,Kanto,45,45,40,Ground,Rock
Chansey,5,5,250,Kanto,35,105,50,Normal,DNE
Tangela,55,115,65,Kanto,100,40,60,Grass,DNE
Kangaskhan,95,80,105,Kanto,40,80,90,Normal,DNE
Horsea,40,70,30,Kanto,70,25,60,Water,DNE
Seadra,65,95,55,Kanto,95,45,85,Water,DNE
Goldeen,67,60,45,Kanto,35,50,63,Water,DNE
Seaking,92,65,80,Kanto,65,80,68,Water,DNE
Staryu,45,55,30,Kanto,70,55,85,Water,DNE
Starmie,75,85,60,Kanto,100,85,115,Water,Psychic
Scyther,110,80,70,Kanto,55,80,105,Bug,Flying
Jynx,50,35,65,Kanto,115,95,95,Ice,Psychic
Electabuzz,83,57,65,Kanto,95,85,105,Electric,DNE
Magmar,95,57,65,Kanto,100,85,93,Fire,DNE
Pinsir,125,100,65,Kanto,55,70,85,Bug,DNE
Tauros,100,95,75,Kanto,40,70,110,Normal,DNE
Magikarp,10,55,20,Kanto,15,20,80,Water,DNE
Gyarados,125,79,95,Kanto,60,100,81,Water,Flying
Lapras,85,80,130,Kanto,85,95,60,Water,Ice
Ditto,48,48,48,Kanto,48,48,48,Normal,DNE
Eevee,55,50,55,Kanto,45,65,55,Normal,DNE
Vaporeon,65,60,130,Kanto,110,95,65,Water,DNE
Jolteon,65,60,65,Kanto,110,95,130,Electric,DNE
Flareon,130,60,65,Kanto,95,110,65,Fire,DNE
Porygon,60,70,65,Kanto,85,75,40,Normal,DNE
Omanyte,40,100,35,Kanto,90,55,35,Rock,Water
Omastar,60,125,70,Kanto,115,70,55,Rock,Water
Kabuto,80,90,30,Kanto,55,45,55,Rock,Water
Kabutops,115,105,60,Kanto,65,70,80,Rock,Water
Aerodactyl,105,65,80,Kanto,60,75,130,Rock,Flying
Snorlax,110,65,160,Kanto,65,110,30,Normal,DNE
Articuno,85,100,90,Kanto,95,125,85,Ice,Flying
Zapdos,90,85,90,Kanto,125,90,100,Electric,Flying
Moltres,100,90,90,Kanto,125,85,90,Fire,Flying
Dratini,64,45,41,Kanto,50,50,50,Dragon,DNE
Dragonair,84,65,61,Kanto,70,70,70,Dragon,DNE
Dragonite,134,95,91,Kanto,100,100,80,Dragon,Flying
Mewtwo,110,90,106,Kanto,154,90,130,Psychic,DNE
Mew,100,100,100,Kanto,100,100,100,Psychic,DNE
Chikorita,49,65,45,Johto,49,65,45,Grass,DNE
Bayleef,62,80,60,Johto,63,80,60,Grass,DNE
Meganium,82,100,80,Johto,83,100,80,Grass,DNE
Cyndaquil,52,43,39,Johto,60,50,65,Fire,DNE
Quilava,64,58,58,Johto,80,65,80,Fire,DNE
Typhlosion,84,78,78,Johto,109,85,100,Fire,DNE
Totodile,65,64,50,Johto,44,48,43,Water,DNE
Croconaw,80,80,65,Johto,59,63,58,Water,DNE
Feraligatr,105,100,85,Johto,79,83,78,Water,DNE
Sentret,46,34,35,Johto,35,45,20,Normal,DNE
Furret,76,64,85,Johto,45,55,90,Normal,DNE
Hoothoot,30,30,60,Johto,36,56,50,Normal,Flying
Noctowl,50,50,100,Johto,86,96,70,Normal,Flying
Ledyba,20,30,40,Johto,40,80,55,Bug,Flying
Ledian,35,50,55,Johto,55,110,85,Bug,Flying
Spinarak,60,40,40,Johto,40,40,30,Bug,Poison
Ariados,90,70,70,Johto,60,70,40,Bug,Poison
Crobat,90,80,85,Johto,70,80,130,Poison,Flying
Chinchou,38,38,75,Johto,56,56,67,Water,Electric
Lanturn,58,58,125,Johto,76,76,67,Water,Electric
Pichu,40,15,20,Johto,35,35,60,Electric,DNE
Cleffa,25,28,50,Johto,45,55,15,Fairy,DNE
Igglybuff,30,15,90,Johto,40,20,15,Normal,Fairy
Togepi,20,65,35,Johto,40,65,20,Fairy,DNE
Togetic,40,85,55,Johto,80,105,40,Fairy,Flying
Natu,50,45,40,Johto,70,45,70,Psychic,Flying
Xatu,75,70,65,Johto,95,70,95,Psychic,Flying
Mareep,40,40,55,Johto,65,45,35,Electric,DNE
Flaaffy,55,55,70,Johto,80,60,45,Electric,DNE
Ampharos,75,85,90,Johto,115,90,55,Electric,DNE
Bellossom,80,95,75,Johto,90,100,50,Grass,DNE
Marill,20,50,70,Johto,20,50,40,Water,Fairy
Azumarill,50,80,100,Johto,60,80,50,Water,Fairy
Sudowoodo,100,115,70,Johto,30,65,30,Rock,DNE
Politoed,75,75,90,Johto,90,100,70,Water,DNE
Hoppip,35,40,35,Johto,35,55,50,Grass,Flying
Skiploom,45,50,55,Johto,45,65,80,Grass,Flying
Jumpluff,55,70,75,Johto,55,95,110,Grass,Flying
Aipom,70,55,55,Johto,40,55,85,Normal,DNE
Sunkern,30,30,30,Johto,30,30,30,Grass,DNE
Sunflora,75,55,75,Johto,105,85,30,Grass,DNE
Yanma,65,45,65,Johto,75,45,95,Bug,Flying
Wooper,45,45,55,Johto,25,25,15,Water,Ground
Quagsire,85,85,95,Johto,65,65,35,Water,Ground
Espeon,65,60,65,Johto,130,95,110,Psychic,DNE
Umbreon,65,110,95,Johto,60,130,65,Dark,DNE
Murkrow,85,42,60,Johto,85,42,91,Dark,Flying
Slowking,75,80,95,Johto,100,110,30,Water,Psychic
Misdreavus,60,60,60,Johto,85,85,85,Ghost,DNE
Unown,72,48,48,Johto,72,48,48,Psychic,DNE
Wobbuffet,33,58,190,Johto,33,58,33,Psychic,DNE
Girafarig,80,65,70,Johto,90,65,85,Normal,Psychic
Pineco,65,90,50,Johto,35,35,15,Bug,DNE
Forretress,90,140,75,Johto,60,60,40,Bug,Steel
Dunsparce,70,70,100,Johto,65,65,45,Normal,DNE
Gligar,75,105,65,Johto,35,65,85,Ground,Flying
Steelix,85,200,75,Johto,55,65,30,Steel,Ground
Snubbull,80,50,60,Johto,40,40,30,Fairy,DNE
Granbull,120,75,90,Johto,60,60,45,Fairy,DNE
Qwilfish,95,85,65,Johto,55,55,85,Water,Poison
Scizor,130,100,70,Johto,55,80,65,Bug,Steel
Shuckle,10,230,20,Johto,10,230,5,Bug,Rock
Heracross,125,75,80,Johto,40,95,85,Bug,Fighting
Sneasel,95,55,55,Johto,35,75,115,Dark,Ice
Teddiursa,80,50,60,Johto,50,50,40,Normal,DNE
Ursaring,130,75,90,Johto,75,75,55,Normal,DNE
Slugma,40,40,40,Johto,70,40,20,Fire,DNE
Magcargo,50,120,60,Johto,90,80,30,Fire,Rock
Swinub,50,40,50,Johto,30,30,50,Ice,Ground
Piloswine,100,80,100,Johto,60,60,50,Ice,Ground
Corsola,55,95,65,Johto,65,95,35,Water,Rock
Remoraid,65,35,35,Johto,65,35,65,Water,DNE
Octillery,105,75,75,Johto,105,75,45,Water,DNE
Delibird,55,45,45,Johto,65,45,75,Ice,Flying
Mantine,40,70,85,Johto,80,140,70,Water,Flying
Skarmory,80,140,65,Johto,40,70,70,Steel,Flying
Houndour,60,30,45,Johto,80,50,65,Dark,Fire
Houndoom,90,50,75,Johto,110,80,95,Dark,Fire
Kingdra,95,95,75,Johto,95,95,85,Water,Dragon
Phanpy,60,60,90,Johto,40,40,40,Ground,DNE
Donphan,120,120,90,Johto,60,60,50,Ground,DNE
Porygon2,80,90,85,Johto,105,95,60,Normal,DNE
Stantler,95,62,73,Johto,85,65,85,Normal,DNE
Smeargle,20,35,55,Johto,20,45,75,Normal,DNE
Tyrogue,35,35,35,Johto,35,35,35,Fighting,DNE
Hitmontop,95,95,50,Johto,35,110,70,Fighting,DNE
Smoochum,30,15,45,Johto,85,65,65,Ice,Psychic
Elekid,63,37,45,Johto,65,55,95,Electric,DNE
Magby,75,37,45,Johto,70,55,83,Fire,DNE
Miltank,80,105,95,Johto,40,70,100,Normal,DNE
Blissey,10,10,255,Johto,75,135,55,Normal,DNE
Raikou,85,75,90,Johto,115,100,115,Electric,DNE
Entei,115,85,115,Johto,90,75,100,Fire,DNE
Suicune,75,115,100,Johto,90,115,85,Water,DNE
Larvitar,64,50,50,Johto,45,50,41,Rock,Ground
Pupitar,84,70,70,Johto,65,70,51,Rock,Ground
Tyranitar,134,110,100,Johto,95,100,61,Rock,Dark
Lugia,90,130,106,Johto,90,154,110,Psychic,Flying
Ho-oh,130,90,106,Johto,110,154,90,Fire,Flying
Celebi,100,100,100,Johto,100,100,100,Psychic,Grass
Treecko,45,35,40,Hoenn,65,55,70,Grass,DNE
Grovyle,65,45,50,Hoenn,85,65,95,Grass,DNE
Sceptile,85,65,70,Hoenn,105,85,120,Grass,DNE
Torchic,60,40,45,Hoenn,70,50,45,Fire,DNE
Combusken,85,60,60,Hoenn,85,60,55,Fire,Fighting
Blaziken,120,70,80,Hoenn,110,70,80,Fire,Fighting
Mudkip,70,50,50,Hoenn,50,50,40,Water,DNE
Marshtomp,85,70,70,Hoenn,60,70,50,Water,Ground
Swampert,110,90,100,Hoenn,85,90,60,Water,Ground
Poochyena,55,35,35,Hoenn,30,30,35,Dark,DNE
Mightyena,90,70,70,Hoenn,60,60,70,Dark,DNE
Zigzagoon,30,41,38,Hoenn,30,41,60,Normal,DNE
Linoone,70,61,78,Hoenn,50,61,100,Normal,DNE
Wurmple,45,35,45,Hoenn,20,30,20,Bug,DNE
Silcoon,35,55,50,Hoenn,25,25,15,Bug,DNE
Beautifly,70,50,60,Hoenn,100,50,65,Bug,Flying
Cascoon,35,55,50,Hoenn,25,25,15,Bug,DNE
Dustox,50,70,60,Hoenn,50,90,65,Bug,Poison
Lotad,30,30,40,Hoenn,40,50,30,Water,Grass
Lombre,50,50,60,Hoenn,60,70,50,Water,Grass
Ludicolo,70,70,80,Hoenn,90,100,70,Water,Grass
Seedot,40,50,40,Hoenn,30,30,30,Grass,DNE
Nuzleaf,70,40,70,Hoenn,60,40,60,Grass,Dark
Shiftry,100,60,90,Hoenn,90,60,80,Grass,Dark
Taillow,55,30,40,Hoenn,30,30,85,Normal,Flying
Swellow,85,60,60,Hoenn,75,50,125,Normal,Flying
Wingull,30,30,40,Hoenn,55,30,85,Water,Flying
Pelipper,50,100,60,Hoenn,95,70,65,Water,Flying
Ralts,25,25,28,Hoenn,45,35,40,Psychic,Fairy
Kirlia,35,35,38,Hoenn,65,55,50,Psychic,Fairy
Gardevoir,65,65,68,Hoenn,125,115,80,Psychic,Fairy
Surskit,30,32,40,Hoenn,50,52,65,Bug,Water
Masquerain,60,62,70,Hoenn,100,82,80,Bug,Flying
Shroomish,40,60,60,Hoenn,40,60,35,Grass,DNE
Breloom,130,80,60,Hoenn,60,60,70,Grass,Fighting
Slakoth,60,60,60,Hoenn,35,35,30,Normal,DNE
Vigoroth,80,80,80,Hoenn,55,55,90,Normal,DNE
Slaking,160,100,150,Hoenn,95,65,100,Normal,DNE
Nincada,45,90,31,Hoenn,30,30,40,Bug,Ground
Ninjask,90,45,61,Hoenn,50,50,160,Bug,Flying
Shedinja,90,45,1,Hoenn,30,30,40,Bug,Ghost
Whismur,51,23,64,Hoenn,51,23,28,Normal,DNE
Loudred,71,43,84,Hoenn,71,43,48,Normal,DNE
Exploud,91,63,104,Hoenn,91,73,68,Normal,DNE
Makuhita,60,30,72,Hoenn,20,30,25,Fighting,DNE
Hariyama,120,60,144,Hoenn,40,60,50,Fighting,DNE
Azurill,20,40,50,Hoenn,20,40,20,Normal,Fairy
Nosepass,45,135,30,Hoenn,45,90,30,Rock,DNE
Skitty,45,45,50,Hoenn,35,35,50,Normal,DNE
Delcatty,65,65,70,Hoenn,55,55,90,Normal,DNE
Sableye,75,75,50,Hoenn,65,65,50,Dark,Ghost
Mawile,85,85,50,Hoenn,55,55,50,Steel,Fairy
Aron,70,100,50,Hoenn,40,40,30,Steel,Rock
Lairon,90,140,60,Hoenn,50,50,40,Steel,Rock
Aggron,110,180,70,Hoenn,60,60,50,Steel,Rock
Meditite,40,55,30,Hoenn,40,55,60,Fighting,Psychic
Medicham,60,75,60,Hoenn,60,75,80,Fighting,Psychic
Electrike,45,40,40,Hoenn,65,40,65,Electric,DNE
Manectric,75,60,70,Hoenn,105,60,105,Electric,DNE
Plusle,50,40,60,Hoenn,85,75,95,Electric,DNE
Minun,40,50,60,Hoenn,75,85,95,Electric,DNE
Volbeat,73,75,65,Hoenn,47,85,85,Bug,DNE
Illumise,47,75,65,Hoenn,73,85,85,Bug,DNE
Roselia,60,45,50,Hoenn,100,80,65,Grass,Poison
Gulpin,43,53,70,Hoenn,43,53,40,Poison,DNE
Swalot,73,83,100,Hoenn,73,83,55,Poison,DNE
Carvanha,90,20,45,Hoenn,65,20,65,Water,Dark
Sharpedo,120,40,70,Hoenn,95,40,95,Water,Dark
Wailmer,70,35,130,Hoenn,70,35,60,Water,DNE
Wailord,90,45,170,Hoenn,90,45,60,Water,DNE
Numel,60,40,60,Hoenn,65,45,35,Fire,Ground
Camerupt,100,70,70,Hoenn,105,75,40,Fire,Ground
Torkoal,85,140,70,Hoenn,85,70,20,Fire,DNE
Spoink,25,35,60,Hoenn,70,80,60,Psychic,DNE
Grumpig,45,65,80,Hoenn,90,110,80,Psychic,DNE
Spinda,60,60,60,Hoenn,60,60,60,Normal,DNE
Trapinch,100,45,45,Hoenn,45,45,10,Ground,DNE
Vibrava,70,50,50,Hoenn,50,50,70,Ground,Dragon
Flygon,100,80,80,Hoenn,80,80,100,Ground,Dragon
Cacnea,85,40,50,Hoenn,85,40,35,Grass,DNE
Cacturne,115,60,70,Hoenn,115,60,55,Grass,Dark
Swablu,40,60,45,Hoenn,40,75,50,Normal,Flying
Altaria,70,90,75,Hoenn,70,105,80,Dragon,Flying
Zangoose,115,60,73,Hoenn,60,60,90,Normal,DNE
Seviper,100,60,73,Hoenn,100,60,65,Poison,DNE
Lunatone,55,65,90,Hoenn,95,85,70,Rock,Psychic
Solrock,95,85,90,Hoenn,55,65,70,Rock,Psychic
Barboach,48,43,50,Hoenn,46,41,60,Water,Ground
Whiscash,78,73,110,Hoenn,76,71,60,Water,Ground
Corphish,80,65,43,Hoenn,50,35,35,Water,DNE
Crawdaunt,120,85,63,Hoenn,90,55,55,Water,Dark
Baltoy,40,55,40,Hoenn,40,70,55,Ground,Psychic
Claydol,70,105,60,Hoenn,70,120,75,Ground,Psychic
Lileep,41,77,66,Hoenn,61,87,23,Rock,Grass
Cradily,81,97,86,Hoenn,81,107,43,Rock,Grass
Anorith,95,50,45,Hoenn,40,50,75,Rock,Bug
Armaldo,125,100,75,Hoenn,70,80,45,Rock,Bug
Feebas,15,20,20,Hoenn,10,55,80,Water,DNE
Milotic,60,79,95,Hoenn,100,125,81,Water,DNE
Castform,70,70,70,Hoenn,70,70,70,Normal,DNE
Kecleon,90,70,60,Hoenn,60,120,40,Normal,DNE
Shuppet,75,35,44,Hoenn,63,33,45,Ghost,DNE
Banette,115,65,64,Hoenn,83,63,65,Ghost,DNE
Duskull,40,90,20,Hoenn,30,90,25,Ghost,DNE
Dusclops,70,130,40,Hoenn,60,130,25,Ghost,DNE
Tropius,68,83,99,Hoenn,72,87,51,Grass,Flying
Chimecho,50,80,75,Hoenn,95,90,65,Psychic,DNE
Absol,130,60,65,Hoenn,75,60,75,Dark,DNE
Wynaut,23,48,95,Hoenn,23,48,23,Psychic,DNE
Snorunt,50,50,50,Hoenn,50,50,50,Ice,DNE
Glalie,80,80,80,Hoenn,80,80,80,Ice,DNE
Spheal,40,50,70,Hoenn,55,50,25,Ice,Water
Sealeo,60,70,90,Hoenn,75,70,45,Ice,Water
Walrein,80,90,110,Hoenn,95,90,65,Ice,Water
Clamperl,64,85,35,Hoenn,74,55,32,Water,DNE
Huntail,104,105,55,Hoenn,94,75,52,Water,DNE
Gorebyss,84,105,55,Hoenn,114,75,52,Water,DNE
Relicanth,90,130,100,Hoenn,45,65,55,Water,Rock
Luvdisc,30,55,43,Hoenn,40,65,97,Water,DNE
Bagon,75,60,45,Hoenn,40,30,50,Dragon,DNE
Shelgon,95,100,65,Hoenn,60,50,50,Dragon,DNE
Salamence,135,80,95,Hoenn,110,80,100,Dragon,Flying
Beldum,55,80,40,Hoenn,35,60,30,Steel,Psychic
Metang,75,100,60,Hoenn,55,80,50,Steel,Psychic
Metagross,135,130,80,Hoenn,95,90,70,Steel,Psychic
Regirock,100,200,80,Hoenn,50,100,50,Rock,DNE
Regice,50,100,80,Hoenn,100,200,50,Ice,DNE
Registeel,75,150,80,Hoenn,75,150,50,Steel,DNE
Latias,80,90,80,Hoenn,110,130,110,Dragon,Psychic
Latios,90,80,80,Hoenn,130,110,110,Dragon,Psychic
Kyogre,100,90,100,Hoenn,150,140,90,Water,DNE
Groudon,150,140,100,Hoenn,100,90,90,Ground,DNE
Rayquaza,150,90,105,Hoenn,150,90,95,Dragon,Flying
Jirachi,100,100,100,Hoenn,100,100,100,Steel,Psychic
Deoxys,150,50,50,Hoenn,150,50,150,Psychic,DNE
Turtwig,68,64,55,Sinnoh,45,55,31,Grass,DNE
Grotle,89,85,75,Sinnoh,55,65,36,Grass,DNE
Torterra,109,105,95,Sinnoh,75,85,56,Grass,Ground
Chimchar,58,44,44,Sinnoh,58,44,61,Fire,DNE
Monferno,78,52,64,Sinnoh,78,52,81,Fire,Fighting
Infernape,104,71,76,Sinnoh,104,71,108,Fire,Fighting
Piplup,51,53,53,Sinnoh,61,56,40,Water,DNE
Prinplup,66,68,64,Sinnoh,81,76,50,Water,DNE
Empoleon,86,88,84,Sinnoh,111,101,60,Water,Steel
Starly,55,30,40,Sinnoh,30,30,60,Normal,Flying
Staravia,75,50,55,Sinnoh,40,40,80,Normal,Flying
Staraptor,120,70,85,Sinnoh,50,60,100,Normal,Flying
Bidoof,45,40,59,Sinnoh,35,40,31,Normal,DNE
Bibarel,85,60,79,Sinnoh,55,60,71,Normal,Water
Kricketot,25,41,37,Sinnoh,25,41,25,Bug,DNE
Kricketune,85,51,77,Sinnoh,55,51,65,Bug,DNE
Shinx,65,34,45,Sinnoh,40,34,45,Electric,DNE
Luxio,85,49,60,Sinnoh,60,49,60,Electric,DNE
Luxray,120,79,80,Sinnoh,95,79,70,Electric,DNE
Budew,30,35,40,Sinnoh,50,70,55,Grass,Poison
Roserade,70,65,60,Sinnoh,125,105,90,Grass,Poison
Cranidos,125,40,67,Sinnoh,30,30,58,Rock,DNE
Rampardos,165,60,97,Sinnoh,65,50,58,Rock,DNE
Shieldon,42,118,30,Sinnoh,42,88,30,Rock,Steel
Bastiodon,52,168,60,Sinnoh,47,138,30,Rock,Steel
Burmy,29,45,40,Sinnoh,29,45,36,Bug,DNE
Wormadam,59,85,60,Sinnoh,79,105,36,Bug,Grass
Mothim,94,50,70,Sinnoh,94,50,66,Bug,Flying
Combee,30,42,30,Sinnoh,30,42,70,Bug,Flying
Vespiquen,80,102,70,Sinnoh,80,102,40,Bug,Flying
Pachirisu,45,70,60,Sinnoh,45,90,95,Electric,DNE
Buizel,65,35,55,Sinnoh,60,30,85,Water,DNE
Floatzel,105,55,85,Sinnoh,85,50,115,Water,DNE
Cherubi,35,45,45,Sinnoh,62,53,35,Grass,DNE
Cherrim,60,70,70,Sinnoh,87,78,85,Grass,DNE
Shellos,48,48,76,Sinnoh,57,62,34,Water,DNE
Gastrodon,83,68,111,Sinnoh,92,82,39,Water,Ground
Ambipom,100,66,75,Sinnoh,60,66,115,Normal,DNE
Drifloon,50,34,90,Sinnoh,60,44,70,Ghost,Flying
Drifblim,80,44,150,Sinnoh,90,54,80,Ghost,Flying
Buneary,66,44,55,Sinnoh,44,56,85,Normal,DNE
Lopunny,76,84,65,Sinnoh,54,96,105,Normal,DNE
Mismagius,60,60,60,Sinnoh,105,105,105,Ghost,DNE
Honchkrow,125,52,100,Sinnoh,105,52,71,Dark,Flying
Glameow,55,42,49,Sinnoh,42,37,85,Normal,DNE
Purugly,82,64,71,Sinnoh,64,59,112,Normal,DNE
Chingling,30,50,45,Sinnoh,65,50,45,Psychic,DNE
Stunky,63,47,63,Sinnoh,41,41,74,Poison,Dark
Skuntank,93,67,103,Sinnoh,71,61,84,Poison,Dark
Bronzor,24,86,57,Sinnoh,24,86,23,Steel,Psychic
Bronzong,89,116,67,Sinnoh,79,116,33,Steel,Psychic
Bonsly,80,95,50,Sinnoh,10,45,10,Rock,DNE
Happiny,5,5,100,Sinnoh,15,65,30,Normal,DNE
Chatot,65,45,76,Sinnoh,92,42,91,Normal,Flying
Spiritomb,92,108,50,Sinnoh,92,108,35,Ghost,Dark
Gible,70,45,58,Sinnoh,40,45,42,Dragon,Ground
Gabite,90,65,68,Sinnoh,50,55,82,Dragon,Ground
Garchomp,130,95,108,Sinnoh,80,85,102,Dragon,Ground
Munchlax,85,40,135,Sinnoh,40,85,5,Normal,DNE
Riolu,70,40,40,Sinnoh,35,40,60,Fighting,DNE
Lucario,110,70,70,Sinnoh,115,70,90,Fighting,Steel
Hippopotas,72,78,68,Sinnoh,38,42,32,Ground,DNE
Hippowdon,112,118,108,Sinnoh,68,72,47,Ground,DNE
Skorupi,50,90,40,Sinnoh,30,55,65,Poison,Bug
Drapion,90,110,70,Sinnoh,60,75,95,Poison,Dark
Croagunk,61,40,48,Sinnoh,61,40,50,Poison,Fighting
Toxicroak,106,65,83,Sinnoh,86,65,85,Poison,Fighting
Carnivine,100,72,74,Sinnoh,90,72,46,Grass,DNE
Finneon,49,56,49,Sinnoh,49,61,66,Water,DNE
Lumineon,69,76,69,Sinnoh,69,86,91,Water,DNE
Mantyke,20,50,45,Sinnoh,60,120,50,Water,Flying
Snover,62,50,60,Sinnoh,62,60,40,Grass,Ice
Abomasnow,92,75,90,Sinnoh,92,85,60,Grass,Ice
Weavile,120,65,70,Sinnoh,45,85,125,Dark,Ice
Magnezone,70,115,70,Sinnoh,130,90,60,Electric,Steel
Lickilicky,85,95,110,Sinnoh,80,95,50,Normal,DNE
Rhyperior,140,130,115,Sinnoh,55,55,40,Ground,Rock
Tangrowth,100,125,100,Sinnoh,110,50,50,Grass,DNE
Electivire,123,67,75,Sinnoh,95,85,95,Electric,DNE
Magmortar,95,67,75,Sinnoh,125,95,83,Fire,DNE
Togekiss,50,95,85,Sinnoh,120,115,80,Fairy,Flying
Yanmega,76,86,86,Sinnoh,116,56,95,Bug,Flying
Leafeon,110,130,65,Sinnoh,60,65,95,Grass,DNE
Glaceon,60,110,65,Sinnoh,130,95,65,Ice,DNE
Gliscor,95,125,75,Sinnoh,45,75,95,Ground,Flying
Mamoswine,130,80,110,Sinnoh,70,60,80,Ice,Ground
Porygon-Z,80,70,85,Sinnoh,135,75,90,Normal,DNE
Gallade,125,65,68,Sinnoh,65,115,80,Psychic,Fighting
Probopass,55,145,60,Sinnoh,75,150,40,Rock,Steel
Dusknoir,100,135,45,Sinnoh,65,135,45,Ghost,DNE
Froslass,80,70,70,Sinnoh,80,70,110,Ice,Ghost
Rotom,50,77,50,Sinnoh,95,77,91,Electric,Ghost
Uxie,75,130,75,Sinnoh,75,130,95,Psychic,DNE
Mesprit,105,105,80,Sinnoh,105,105,80,Psychic,DNE
Azelf,125,70,75,Sinnoh,125,70,115,Psychic,DNE
Dialga,120,120,100,Sinnoh,150,100,90,Steel,Dragon
Palkia,120,100,90,Sinnoh,150,120,100,Water,Dragon
Heatran,90,106,91,Sinnoh,130,106,77,Fire,Steel
Regigigas,160,110,110,Sinnoh,80,110,100,Normal,DNE
Giratina,100,120,150,Sinnoh,100,120,90,Ghost,Dragon
Cresselia,70,110,120,Sinnoh,75,120,85,Psychic,DNE
Phione,80,80,80,Sinnoh,80,80,80,Water,DNE
Manaphy,100,100,100,Sinnoh,100,100,100,Water,DNE
Darkrai,90,90,70,Sinnoh,135,90,125,Dark,DNE
Shaymin,100,100,100,Sinnoh,100,100,100,Grass,DNE
Arceus,120,120,120,Sinnoh,120,120,120,Normal,DNE
Victini,100,100,100,Unova,100,100,100,Psychic,Fire
Snivy,45,55,45,Unova,45,55,63,Grass,DNE
Servine,60,75,60,Unova,60,75,83,Grass,DNE
Serperior,75,95,75,Unova,75,95,113,Grass,DNE
Tepig,63,45,65,Unova,45,45,45,Fire,DNE
Pignite,93,55,90,Unova,70,55,55,Fire,Fighting
Emboar,123,65,110,Unova,100,65,65,Fire,Fighting
Oshawott,55,45,55,Unova,63,45,45,Water,DNE
Dewott,75,60,75,Unova,83,60,60,Water,DNE
Samurott,100,85,95,Unova,108,70,70,Water,DNE
Patrat,55,39,45,Unova,35,39,42,Normal,DNE
Watchog,85,69,60,Unova,60,69,77,Normal,DNE
Lillipup,60,45,45,Unova,25,45,55,Normal,DNE
Herdier,80,65,65,Unova,35,65,60,Normal,DNE
Stoutland,110,90,85,Unova,45,90,80,Normal,DNE
Purrloin,50,37,41,Unova,50,37,66,Dark,DNE
Liepard,88,50,64,Unova,88,50,106,Dark,DNE
Pansage,53,48,50,Unova,53,48,64,Grass,DNE
Simisage,98,63,75,Unova,98,63,101,Grass,DNE
Pansear,53,48,50,Unova,53,48,64,Fire,DNE
Simisear,98,63,75,Unova,98,63,101,Fire,DNE
Panpour,53,48,50,Unova,53,48,64,Water,DNE
Simipour,98,63,75,Unova,98,63,101,Water,DNE
Munna,25,45,76,Unova,67,55,24,Psychic,DNE
Musharna,55,85,116,Unova,107,95,29,Psychic,DNE
Pidove,55,50,50,Unova,36,30,43,Normal,Flying
Tranquill,77,62,62,Unova,50,42,65,Normal,Flying
Unfezant,115,80,80,Unova,65,55,93,Normal,Flying
Blitzle,60,32,45,Unova,50,32,76,Electric,DNE
Zebstrika,100,63,75,Unova,80,63,116,Electric,DNE
Roggenrola,75,85,55,Unova,25,25,15,Rock,DNE
Boldore,105,105,70,Unova,50,40,20,Rock,DNE
Gigalith,135,130,85,Unova,60,80,25,Rock,DNE
Woobat,45,43,65,Unova,55,43,72,Psychic,Flying
Swoobat,57,55,67,Unova,77,55,114,Psychic,Flying
Drilbur,85,40,60,Unova,30,45,68,Ground,DNE
Excadrill,135,60,110,Unova,50,65,88,Ground,Steel
Audino,60,86,103,Unova,60,86,50,Normal,DNE
Timburr,80,55,75,Unova,25,35,35,Fighting,DNE
Gurdurr,105,85,85,Unova,40,50,40,Fighting,DNE
Conkeldurr,140,95,105,Unova,55,65,45,Fighting,DNE
Tympole,50,40,50,Unova,50,40,64,Water,DNE
Palpitoad,65,55,75,Unova,65,55,69,Water,Ground
Seismitoad,95,75,105,Unova,85,75,74,Water,Ground
Throh,100,85,120,Unova,30,85,45,Fighting,DNE
Sawk,125,75,75,Unova,30,75,85,Fighting,DNE
Sewaddle,53,70,45,Unova,40,60,42,Bug,Grass
Swadloon,63,90,55,Unova,50,80,42,Bug,Grass
Leavanny,103,80,75,Unova,70,80,92,Bug,Grass
Venipede,45,59,30,Unova,30,39,57,Bug,Poison
Whirlipede,55,99,40,Unova,40,79,47,Bug,Poison
Scolipede,100,89,60,Unova,55,69,112,Bug,Poison
Cottonee,27,60,40,Unova,37,50,66,Grass,Fairy
Whimsicott,67,85,60,Unova,77,75,116,Grass,Fairy
Petilil,35,50,45,Unova,70,50,30,Grass,DNE
Lilligant,60,75,70,Unova,110,75,90,Grass,DNE
Basculin,92,65,70,Unova,80,55,98,Water,DNE
Sandile,72,35,50,Unova,35,35,65,Ground,Dark
Krokorok,82,45,60,Unova,45,45,74,Ground,Dark
Krookodile,117,80,95,Unova,65,70,92,Ground,Dark
Darumaka,90,45,70,Unova,15,45,50,Fire,DNE
Darmanitan,140,55,105,Unova,30,55,95,Fire,DNE
Maractus,86,67,75,Unova,106,67,60,Grass,DNE
Dwebble,65,85,50,Unova,35,35,55,Bug,Rock
Crustle,105,125,70,Unova,65,75,45,Bug,Rock
Scraggy,75,70,50,Unova,35,70,48,Dark,Fighting
Scrafty,90,115,65,Unova,45,115,58,Dark,Fighting
Sigilyph,58,80,72,Unova,103,80,97,Psychic,Flying
Yamask,30,85,38,Unova,55,65,30,Ghost,DNE
Cofagrigus,50,145,58,Unova,95,105,30,Ghost,DNE
Tirtouga,78,103,54,Unova,53,45,22,Water,Rock
Carracosta,108,133,74,Unova,83,65,32,Water,Rock
Archen,112,45,55,Unova,74,45,70,Rock,Flying
Archeops,140,65,75,Unova,112,65,110,Rock,Flying
Trubbish,50,62,50,Unova,40,62,65,Poison,DNE
Garbodor,95,82,80,Unova,60,82,75,Poison,DNE
Zorua,65,40,40,Unova,80,40,65,Dark,DNE
Zoroark,105,60,60,Unova,120,60,105,Dark,DNE
Minccino,50,40,55,Unova,40,40,75,Normal,DNE
Cinccino,95,60,75,Unova,65,60,115,Normal,DNE
Gothita,30,50,45,Unova,55,65,45,Psychic,DNE
Gothorita,45,70,60,Unova,75,85,55,Psychic,DNE
Gothitelle,55,95,70,Unova,95,110,65,Psychic,DNE
Solosis,30,40,45,Unova,105,50,20,Psychic,DNE
Duosion,40,50,65,Unova,125,60,30,Psychic,DNE
Reuniclus,65,75,110,Unova,125,85,30,Psychic,DNE
Ducklett,44,50,62,Unova,44,50,55,Water,Flying
Swanna,87,63,75,Unova,87,63,98,Water,Flying
Vanillite,50,50,36,Unova,65,60,44,Ice,DNE
Vanillish,65,65,51,Unova,80,75,59,Ice,DNE
Vanilluxe,95,85,71,Unova,110,95,79,Ice,DNE
Deerling,60,50,60,Unova,40,50,75,Normal,Grass
Sawsbuck,100,70,80,Unova,60,70,95,Normal,Grass
Emolga,75,60,55,Unova,75,60,103,Electric,Flying
Karrablast,75,45,50,Unova,40,45,60,Bug,DNE
Escavalier,135,105,70,Unova,60,105,20,Bug,Steel
Foongus,55,45,69,Unova,55,55,15,Grass,Poison
Amoonguss,85,70,114,Unova,85,80,30,Grass,Poison
Frillish,40,50,55,Unova,65,85,40,Water,Ghost
Jellicent,60,70,100,Unova,85,105,60,Water,Ghost
Alomomola,75,80,165,Unova,40,45,65,Water,DNE
Joltik,47,50,50,Unova,57,50,65,Bug,Electric
Galvantula,77,60,70,Unova,97,60,108,Bug,Electric
Ferroseed,50,91,44,Unova,24,86,10,Grass,Steel
Ferrothorn,94,131,74,Unova,54,116,20,Grass,Steel
Klink,55,70,40,Unova,45,60,30,Steel,DNE
Klang,80,95,60,Unova,70,85,50,Steel,DNE
Klinklang,100,115,60,Unova,70,85,90,Steel,DNE
Tynamo,55,40,35,Unova,45,40,60,Electric,DNE
Eelektrik,85,70,65,Unova,75,70,40,Electric,DNE
Eelektross,115,80,85,Unova,105,80,50,Electric,DNE
Elgyem,55,55,55,Unova,85,55,30,Psychic,DNE
Beheeyem,75,75,75,Unova,125,95,40,Psychic,DNE
Litwick,30,55,50,Unova,65,55,20,Ghost,Fire
Lampent,40,60,60,Unova,95,60,55,Ghost,Fire
Chandelure,55,90,60,Unova,145,90,80,Ghost,Fire
Axew,87,60,46,Unova,30,40,57,Dragon,DNE
Fraxure,117,70,66,Unova,40,50,67,Dragon,DNE
Haxorus,147,90,76,Unova,60,70,97,Dragon,DNE
Cubchoo,70,40,55,Unova,60,40,40,Ice,DNE
Beartic,130,80,95,Unova,70,80,50,Ice,DNE
Cryogonal,50,50,80,Unova,95,135,105,Ice,DNE
Shelmet,40,85,50,Unova,40,65,25,Bug,DNE
Accelgor,70,40,80,Unova,100,60,145,Bug,DNE
Stunfisk,66,84,109,Unova,81,99,32,Ground,Electric
Mienfoo,85,50,45,Unova,55,50,65,Fighting,DNE
Mienshao,125,60,65,Unova,95,60,105,Fighting,DNE
Druddigon,120,90,77,Unova,60,90,48,Dragon,DNE
Golett,74,50,59,Unova,35,50,35,Ground,Ghost
Golurk,124,80,89,Unova,55,80,55,Ground,Ghost
Pawniard,85,70,45,Unova,40,40,60,Dark,Steel
Bisharp,125,100,65,Unova,60,70,70,Dark,Steel
Bouffalant,110,95,95,Unova,40,95,55,Normal,DNE
Rufflet,83,50,70,Unova,37,50,60,Normal,Flying
Braviary,123,75,100,Unova,57,75,80,Normal,Flying
Vullaby,55,75,70,Unova,45,65,60,Dark,Flying
Mandibuzz,65,105,110,Unova,55,95,80,Dark,Flying
Heatmor,97,66,85,Unova,105,66,65,Fire,DNE
Durant,109,112,58,Unova,48,48,109,Bug,Steel
Deino,65,50,52,Unova,45,50,38,Dark,Dragon
Zweilous,85,70,72,Unova,65,70,58,Dark,Dragon
Hydreigon,105,90,92,Unova,125,90,98,Dark,Dragon
Larvesta,85,55,55,Unova,50,55,60,Bug,Fire
Volcarona,60,65,85,Unova,135,105,100,Bug,Fire
Cobalion,90,129,91,Unova,90,72,108,Steel,Fighting
Terrakion,129,90,91,Unova,72,90,108,Rock,Fighting
Virizion,90,72,91,Unova,90,129,108,Grass,Fighting
Tornadus,115,70,79,Unova,125,80,111,Flying,DNE
Thundurus,115,70,79,Unova,125,80,111,Electric,Flying
Reshiram,120,100,100,Unova,150,120,90,Dragon,Fire
Zekrom,150,120,100,Unova,120,100,90,Dragon,Electric
Landorus,125,90,89,Unova,115,80,101,Ground,Flying
Kyurem,130,90,125,Unova,130,90,95,Dragon,Ice
Keldeo,72,90,91,Unova,129,90,108,Water,Fighting
Meloetta,77,77,100,Unova,128,128,90,Normal,Psychic
Genesect,120,95,71,Unova,120,95,99,Bug,Steel
Chespin,61,65,56,Kalos,48,45,38,Grass,DNE
Quilladin,78,95,61,Kalos,56,58,57,Grass,DNE
Chesnaught,107,122,88,Kalos,74,75,64,Grass,Fighting
Fennekin,45,40,40,Kalos,62,60,60,Fire,DNE
Braixen,59,58,59,Kalos,90,70,73,Fire,DNE
Delphox,69,72,75,Kalos,114,100,104,Fire,Psychic
Froakie,56,40,41,Kalos,62,44,71,Water,DNE
Frogadier,63,52,54,Kalos,83,56,97,Water,DNE
Greninja,95,67,72,Kalos,103,71,122,Water,Dark
Bunnelby,36,38,38,Kalos,32,36,57,Normal,DNE
Diggersby,56,77,85,Kalos,50,77,78,Normal,Ground
Fletchling,50,43,45,Kalos,40,38,62,Normal,Flying
Fletchinder,73,55,62,Kalos,56,52,84,Fire,Flying
Talonflame,81,71,78,Kalos,74,69,126,Fire,Flying
Scatterbug,35,40,38,Kalos,27,25,35,Bug,DNE
Spewpa,22,60,45,Kalos,27,30,29,Bug,DNE
Vivillon,52,50,80,Kalos,90,50,89,Bug,Flying
Litleo,50,58,62,Kalos,73,54,72,Fire,Normal
Pyroar,68,72,86,Kalos,109,66,106,Fire,Normal
Floette,45,47,54,Kalos,75,98,52,Fairy,DNE
Florges,65,68,78,Kalos,112,154,75,Fairy,DNE
Skiddo,65,48,66,Kalos,62,57,52,Grass,DNE
Gogoat,100,62,123,Kalos,97,81,68,Grass,DNE
Pancham,82,62,67,Kalos,46,48,43,Fighting,DNE
Pangoro,124,78,95,Kalos,69,71,58,Fighting,Dark
Furfrou,80,60,75,Kalos,65,90,102,Normal,DNE
Espurr,48,54,62,Kalos,63,60,68,Psychic,DNE
Meowstic,48,76,74,Kalos,83,81,104,Psychic,DNE
Honedge,80,100,45,Kalos,35,37,28,Steel,Ghost
Doublade,110,150,59,Kalos,45,49,35,Steel,Ghost
Aegislash,50,140,60,Kalos,50,140,60,Steel,Ghost
Spritzee,52,60,78,Kalos,63,65,23,Fairy,DNE
Aromatisse,72,72,101,Kalos,99,89,29,Fairy,DNE
Swirlix,48,66,62,Kalos,59,57,49,Fairy,DNE
Slurpuff,80,86,82,Kalos,85,75,72,Fairy,DNE
Inkay,54,53,53,Kalos,37,46,45,Dark,Psychic
Malamar,92,88,86,Kalos,68,75,73,Dark,Psychic
Binacle,52,67,42,Kalos,39,56,50,Rock,Water
Barbaracle,105,115,72,Kalos,54,86,68,Rock,Water
Skrelp,60,60,50,Kalos,60,60,30,Poison,Water
Dragalge,75,90,65,Kalos,97,123,44,Poison,Dragon
Clauncher,53,62,50,Kalos,58,63,44,Water,DNE
Clawitzer,73,88,71,Kalos,120,89,59,Water,DNE
Helioptile,38,33,44,Kalos,61,43,70,Electric,Normal
Heliolisk,55,52,62,Kalos,109,94,109,Electric,Normal
Tyrunt,89,77,58,Kalos,45,45,48,Rock,Dragon
Tyrantrum,121,119,82,Kalos,69,59,71,Rock,Dragon
Amaura,59,50,77,Kalos,67,63,46,Rock,Ice
Aurorus,77,72,123,Kalos,99,92,58,Rock,Ice
Sylveon,65,65,95,Kalos,110,130,60,Fairy,DNE
Hawlucha,92,75,78,Kalos,74,63,118,Fighting,Flying
Dedenne,58,57,67,Kalos,81,67,101,Electric,Fairy
Carbink,50,150,50,Kalos,50,150,50,Rock,Fairy
Goomy,50,35,45,Kalos,55,75,40,Dragon,DNE
Sliggoo,75,53,68,Kalos,83,113,60,Dragon,DNE
Goodra,100,70,90,Kalos,110,150,80,Dragon,DNE
Klefki,80,91,57,Kalos,80,87,75,Steel,Fairy
Phantump,70,48,43,Kalos,50,60,38,Ghost,Grass
Trevenant,110,76,85,Kalos,65,82,56,Ghost,Grass
Pumpkaboo,66,70,49,Kalos,44,55,51,Ghost,Grass
Gourgeist,90,122,65,Kalos,58,75,84,Ghost,Grass
Bergmite,69,85,55,Kalos,32,35,28,Ice,DNE
Avalugg,117,184,95,Kalos,44,46,28,Ice,DNE
Noibat,30,35,40,Kalos,45,40,55,Flying,Dragon
Noivern,70,80,85,Kalos,97,80,123,Flying,Dragon
Xerneas,131,95,126,Kalos,131,98,99,Fairy,DNE
Yveltal,131,95,126,Kalos,131,98,99,Dark,Flying
Zygarde,100,121,108,Kalos,81,95,95,Dragon,Ground
Diancie,100,150,50,Kalos,100,150,50,Rock,Fairy
Hoopa,110,60,80,Kalos,150,130,70,Psychic,Ghost
Volcanion,110,120,80,Kalos,130,90,70,Fire,Water
Rowlet,55,55,68,Alola,50,50,42,Grass,Flying
Dartrix,75,75,78,Alola,70,70,52,Grass,Flying
Decidueye,107,75,78,Alola,100,100,70,Grass,Ghost
Litten,65,40,45,Alola,60,40,70,Fire,DNE
Torracat,85,50,65,Alola,80,50,90,Fire,DNE
Incineroar,115,90,95,Alola,80,90,60,Fire,Dark
Popplio,54,54,50,Alola,66,56,40,Water,DNE
Brionne,69,69,60,Alola,91,81,50,Water,DNE
Primarina,74,74,80,Alola,126,116,60,Water,Fairy
Pikipek,75,30,35,Alola,30,30,65,Normal,Flying
Trumbeak,85,50,55,Alola,40,50,75,Normal,Flying
Toucannon,120,75,80,Alola,75,75,60,Normal,Flying
Yungoos,70,30,48,Alola,30,30,45,Normal,DNE
Gumshoos,110,60,88,Alola,55,60,45,Normal,DNE
Grubbin,62,45,47,Alola,55,45,46,Bug,DNE
Charjabug,82,95,57,Alola,55,75,36,Bug,Electric
Vikavolt,70,90,77,Alola,145,75,43,Bug,Electric
Crabrawler,82,57,47,Alola,42,47,63,Fighting,DNE
Crabominable,132,77,97,Alola,62,67,43,Fighting,Ice
Oricorio,70,70,75,Alola,98,70,93,Fire,Flying
Cutiefly,45,40,40,Alola,55,40,84,Bug,Fairy
Ribombee,55,60,60,Alola,95,70,124,Bug,Fairy
Rockruff,65,40,45,Alola,30,40,60,Rock,DNE
Lycanroc,115,65,75,Alola,55,65,112,Rock,DNE
Wishiwashi,20,20,45,Alola,25,25,40,Water,DNE
Mareanie,53,62,50,Alola,43,52,45,Poison,Water
Toxapex,63,152,50,Alola,53,142,35,Poison,Water
Mudbray,100,70,70,Alola,45,55,45,Ground,DNE
Mudsdale,125,100,100,Alola,55,85,35,Ground,DNE
Dewpider,40,52,38,Alola,40,72,27,Water,Bug
Araquanid,70,92,68,Alola,50,132,42,Water,Bug
Fomantis,55,35,40,Alola,50,35,35,Grass,DNE
Lurantis,105,90,70,Alola,80,90,45,Grass,DNE
Morelull,35,55,40,Alola,65,75,15,Grass,Fairy
Shiinotic,45,80,60,Alola,90,100,30,Grass,Fairy
Salandit,44,40,48,Alola,71,40,77,Poison,Fire
Salazzle,64,60,68,Alola,111,60,117,Poison,Fire
Stufful,75,50,70,Alola,45,50,50,Normal,Fighting
Bewear,125,80,120,Alola,55,60,60,Normal,Fighting
Bounsweet,30,38,42,Alola,30,38,32,Grass,DNE
Steenee,40,48,52,Alola,40,48,62,Grass,DNE
Tsareena,120,98,72,Alola,50,98,72,Grass,DNE
Comfey,52,90,51,Alola,82,110,100,Fairy,DNE
Oranguru,60,80,90,Alola,90,110,60,Normal,Psychic
Passimian,120,90,100,Alola,40,60,80,Fighting,DNE
Wimpod,35,40,25,Alola,20,30,80,Bug,Water
Golisopod,125,140,75,Alola,60,90,40,Bug,Water
Sandygast,55,80,55,Alola,70,45,15,Ghost,Ground
Palossand,75,110,85,Alola,100,75,35,Ghost,Ground
Pyukumuku,60,130,55,Alola,30,130,5,Water,DNE
Silvally,95,95,95,Alola,95,95,95,Normal,DNE
Minior,60,100,60,Alola,60,100,60,Rock,Flying
Komala,115,65,65,Alola,75,95,65,Normal,DNE
Turtonator,78,135,60,Alola,91,85,36,Fire,Dragon
Togedemaru,98,63,65,Alola,40,73,96,Electric,Steel
Mimikyu,90,80,55,Alola,50,105,96,Ghost,Fairy
Bruxish,105,70,68,Alola,70,70,92,Water,Psychic
Drampa,60,85,78,Alola,135,91,36,Normal,Dragon
Dhelmise,131,100,70,Alola,86,90,40,Ghost,Grass
Jangmo-o,55,65,45,Alola,45,45,45,Dragon,DNE
Hakamo-o,75,90,55,Alola,65,70,65,Dragon,Fighting
Kommo-o,110,125,75,Alola,100,105,85,Dragon,Fighting
Cosmog,29,31,43,Alola,29,31,37,Psychic,DNE
Cosmoem,29,131,43,Alola,29,131,37,Psychic,DNE
Solgaleo,137,107,137,Alola,113,89,97,Psychic,Steel
Lunala,113,89,137,Alola,137,107,97,Psychic,Ghost
Nihilego,53,47,109,Alola,127,131,103,Rock,Poison
Buzzwole,139,139,107,Alola,53,53,79,Bug,Fighting
Pheromosa,137,37,71,Alola,137,37,151,Bug,Fighting
Xurkitree,89,71,83,Alola,173,71,83,Electric,DNE
Celesteela,101,103,97,Alola,107,101,61,Steel,Flying
Kartana,181,131,59,Alola,59,31,109,Grass,Steel
Guzzlord,101,53,223,Alola,97,53,43,Dark,Dragon
Necrozma,107,101,97,Alola,127,89,79,Psychic,DNE
Magearna,95,115,80,Alola,130,115,65,Steel,Fairy
Marshadow,125,80,90,Alola,90,90,125,Fighting,Ghost
Poipole,73,67,67,Alola,73,67,73,Poison,DNE
Naganadel,73,73,73,Alola,127,73,121,Poison,Dragon
Stakataka,131,211,61,Alola,53,101,13,Rock,Steel
Blacephalon,127,53,53,Alola,151,79,107,Fire,Ghost
Zeraora,112,75,88,Alola,102,80,143,Electric,DNE
Meltan,65,65,46,Alola,55,35,34,Steel,DNE
Melmetal,143,143,135,Alola,80,65,34,Steel,DNE
Grookey,65,50,50,Galar,40,40,65,Grass,DNE
Thwackey,85,70,70,Galar,55,60,80,Grass,DNE
Rillaboom,125,90,100,Galar,60,70,85,Grass,DNE
Scorbunny,71,40,50,Galar,40,40,69,Fire,DNE
Raboot,86,60,65,Galar,55,60,94,Fire,DNE
Cinderace,116,75,80,Galar,65,75,119,Fire,DNE
Sobble,40,40,50,Galar,70,40,70,Water,DNE
Drizzile,60,55,65,Galar,95,55,90,Water,DNE
Inteleon,85,65,70,Galar,125,65,120,Water,DNE
Skwovet,55,55,70,Galar,35,35,25,Normal,DNE
Greedent,95,95,120,Galar,55,75,20,Normal,DNE
Rookidee,47,35,38,Galar,33,35,57,Flying,DNE
Corvisquire,67,55,68,Galar,43,55,77,Flying,DNE
Corviknight,87,105,98,Galar,53,85,67,Flying,Steel
Blipbug,20,20,25,Galar,25,45,45,Bug,DNE
Dottler,35,80,50,Galar,50,90,30,Bug,Psychic
Orbeetle,45,110,60,Galar,80,120,90,Bug,Psychic
Nickit,28,28,40,Galar,47,52,50,Dark,DNE
Thievul,58,58,70,Galar,87,92,90,Dark,DNE
Gossifleur,40,60,40,Galar,40,60,10,Grass,DNE
Eldegoss,50,90,60,Galar,80,120,60,Grass,DNE
Wooloo,40,55,42,Galar,40,45,48,Normal,DNE
Dubwool,80,100,72,Galar,60,90,88,Normal,DNE
Chewtle,64,50,50,Galar,38,38,44,Water,DNE
Drednaw,115,90,90,Galar,48,68,74,Water,Rock
Yamper,45,50,59,Galar,40,50,26,Electric,DNE
Boltund,90,60,69,Galar,90,60,121,Electric,DNE
Rolycoly,40,50,30,Galar,40,50,30,Rock,DNE
Carkol,60,90,80,Galar,60,70,50,Rock,Fire
Coalossal,80,120,110,Galar,80,90,30,Rock,Fire
Applin,40,80,40,Galar,40,40,20,Grass,Dragon
Flapple,110,80,70,Galar,95,60,70,Grass,Dragon
Appletun,85,80,110,Galar,100,80,30,Grass,Dragon
Silicobra,57,75,52,Galar,35,50,46,Ground,DNE
Sandaconda,107,125,72,Galar,65,70,71,Ground,DNE
Cramorant,85,55,70,Galar,85,95,85,Flying,Water
Arrokuda,63,40,41,Galar,40,30,66,Water,DNE
Barraskewda,123,60,61,Galar,60,50,136,Water,DNE
Toxel,38,35,40,Galar,54,35,40,Electric,Poison
Toxtricity,98,70,75,Galar,114,70,75,Electric,Poison
Sizzlipede,65,45,50,Galar,50,50,45,Fire,Bug
Centiskorch,115,65,100,Galar,90,90,65,Fire,Bug
Clobbopus,68,60,50,Galar,50,50,32,Fighting,DNE
Grapploct,118,90,80,Galar,70,80,42,Fighting,DNE
Sinistea,45,45,40,Galar,74,54,50,Ghost,DNE
Polteageist,65,65,60,Galar,134,114,70,Ghost,DNE
Hatenna,30,45,42,Galar,56,53,39,Psychic,DNE
Hattrem,40,65,57,Galar,86,73,49,Psychic,DNE
Hatterene,90,95,57,Galar,136,103,29,Psychic,Fairy
Impidimp,45,30,45,Galar,55,40,50,Dark,Fairy
Morgrem,60,45,65,Galar,75,55,70,Dark,Fairy
Grimmsnarl,120,65,95,Galar,95,75,60,Dark,Fairy
Obstagoon,90,101,93,Galar,60,81,95,Dark,Normal
Perrserker,110,100,70,Galar,50,60,50,Steel,DNE
Cursola,95,50,60,Galar,145,130,30,Ghost,DNE
Runerigus,95,145,58,Galar,50,105,30,Ground,Ghost
Milcery,40,40,45,Galar,50,61,34,Fairy,DNE
Alcremie,60,75,65,Galar,110,121,64,Fairy,DNE
Falinks,100,100,65,Galar,70,60,75,Fighting,DNE
Pincurchin,101,95,48,Galar,91,85,15,Electric,DNE
Snom,25,35,30,Galar,45,30,20,Ice,Bug
Frosmoth,65,60,70,Galar,125,90,65,Ice,Bug
Stonjourner,125,135,100,Galar,20,20,70,Rock,DNE
Eiscue,80,110,75,Galar,65,90,50,Ice,DNE
Indeedee,65,55,60,Galar,105,95,95,Psychic,Normal
Morpeko,95,58,58,Galar,70,58,97,Electric,Dark
Cufant,80,49,72,Galar,40,49,40,Steel,DNE
Copperajah,130,69,122,Galar,80,69,30,Steel,DNE
Dracozolt,100,90,90,Galar,80,70,75,Electric,Dragon
Arctozolt,100,90,90,Galar,90,80,55,Electric,Ice
Dracovish,90,100,90,Galar,70,80,75,Water,Dragon
Arctovish,90,100,90,Galar,80,90,55,Water,Ice
Duraludon,95,115,70,Galar,120,50,85,Steel,Dragon
Dreepy,60,30,28,Galar,40,30,82,Dragon,Ghost
Drakloak,80,50,68,Galar,60,50,102,Dragon,Ghost
Dragapult,120,75,88,Galar,100,75,142,Dragon,Ghost
Zacian,120,115,92,Galar,80,115,138,Fairy,DNE
Zamazenta,120,115,92,Galar,80,115,138,Fighting,DNE
Eternatus,85,95,140,Galar,145,95,130,Poison,Dragon
Kubfu,90,60,60,Galar,53,50,72,Fighting,DNE
Urshifu,130,100,100,Galar,63,60,97,Fighting,Dark
Zarude,120,105,105,Galar,70,95,105,Dark,Grass
Regieleki,100,50,80,Galar,100,50,200,Electric,DNE
Regidrago,100,50,200,Galar,100,50,80,Dragon,DNE
Glastrier,145,130,100,Galar,65,110,30,Ice,DNE
Spectrier,65,60,100,Galar,145,80,130,Ghost,DNE
Calyrex,80,80,100,Galar,80,80,80,Psychic,Grass
Wyrdeer,105,72,103,Galar,105,75,65,Normal,Psychic
Kleavor,135,95,70,Galar,45,70,85,Bug,Rock
Ursaluna,140,105,130,Galar,45,80,50,Ground,Normal
Basculegion,112,65,120,Galar,80,75,78,Water,Ghost
Sneasler,130,60,80,Galar,40,80,120,Fighting,Poison
Overqwil,115,95,85,Galar,65,65,85,Dark,Poison
Enamorus,115,70,74,Galar,135,80,106,Fairy,Flying
Sprigatito,61,54,40,Paldea,45,45,65,Grass,DNE
Floragato,80,63,61,Paldea,60,63,83,Grass,DNE
Meowscarada,110,70,76,Paldea,81,70,123,Grass,Dark
Fuecoco,45,59,67,Paldea,63,40,36,Fire,DNE
Crocalor,55,78,81,Paldea,90,58,49,Fire,DNE
Skeledirge,75,100,104,Paldea,110,75,66,Fire,Ghost
Quaxly,65,45,55,Paldea,50,45,50,Water,DNE
Quaxwell,85,65,70,Paldea,65,60,65,Water,DNE
Quaquaval,120,80,85,Paldea,85,75,85,Water,Fighting
Lechonk,45,40,54,Paldea,35,45,35,Normal,DNE
Oinkologne,100,75,110,Paldea,59,80,65,Normal,DNE
Tarountula,41,45,35,Paldea,29,40,20,Bug,DNE
Spidops,79,92,60,Paldea,52,86,35,Bug,DNE
Nymble,46,40,33,Paldea,21,25,45,Bug,DNE
Lokix,102,78,71,Paldea,52,55,92,Bug,Dark
Pawmi,50,20,45,Paldea,40,25,60,Electric,DNE
Pawmo,75,40,60,Paldea,50,40,85,Electric,Fighting
Pawmot,115,70,70,Paldea,70,60,105,Electric,Fighting
Tandemaus,50,45,50,Paldea,40,45,75,Normal,DNE
Maushold,75,70,74,Paldea,65,75,111,Normal,DNE
Fidough,55,70,37,Paldea,30,55,65,Fairy,DNE
Dachsbun,80,115,57,Paldea,50,80,95,Fairy,DNE
Smoliv,35,45,41,Paldea,58,51,30,Grass,Normal
Dolliv,53,60,52,Paldea,78,78,33,Grass,Normal
Arboliva,69,90,78,Paldea,125,109,39,Grass,Normal
Squawkabilly,96,51,82,Paldea,45,51,92,Normal,Flying
Nacli,55,75,55,Paldea,35,35,25,Rock,DNE
Naclstack,60,100,60,Paldea,35,65,35,Rock,DNE
Garganacl,100,130,100,Paldea,45,90,35,Rock,DNE
Charcadet,50,40,40,Paldea,50,40,35,Fire,DNE
Armarouge,60,100,85,Paldea,125,80,75,Fire,Psychic
Ceruledge,125,80,75,Paldea,60,100,85,Fire,Ghost
Tadbulb,31,41,61,Paldea,59,35,45,Electric,DNE
Bellibolt,64,91,109,Paldea,103,83,45,Electric,DNE
Wattrel,40,35,40,Paldea,55,40,70,Electric,Flying
Kilowattrel,70,60,70,Paldea,105,60,125,Electric,Flying
Maschiff,78,60,60,Paldea,40,51,51,Dark,DNE
Mabosstiff,120,90,80,Paldea,60,70,85,Dark,DNE
Shroodle,65,35,40,Paldea,40,35,75,Poison,Normal
Grafaiai,95,65,63,Paldea,80,72,110,Poison,Normal
Bramblin,65,30,40,Paldea,45,35,60,Grass,Ghost
Brambleghast,115,70,55,Paldea,80,70,90,Grass,Ghost
Toedscool,40,35,40,Paldea,50,100,70,Ground,Grass
Toedscruel,70,65,80,Paldea,80,120,100,Ground,Grass
Klawf,100,115,70,Paldea,35,55,75,Rock,DNE
Capsakid,62,40,50,Paldea,62,40,50,Grass,DNE
Scovillain,108,65,65,Paldea,108,65,75,Grass,Fire
Rellor,50,60,41,Paldea,31,58,30,Bug,DNE
Rabsca,50,85,75,Paldea,115,100,45,Bug,Psychic
Flittle,35,30,30,Paldea,55,30,75,Psychic,DNE
Espathra,60,60,95,Paldea,101,60,105,Psychic,DNE
Tinkatink,45,45,50,Paldea,35,64,58,Fairy,Steel
Tinkatuff,55,55,65,Paldea,45,82,78,Fairy,Steel
Tinkaton,75,77,85,Paldea,70,105,94,Fairy,Steel
Wiglett,55,25,10,Paldea,35,25,95,Water,DNE
Wugtrio,100,50,35,Paldea,50,70,120,Water,DNE
Bombirdier,103,85,70,Paldea,60,85,82,Flying,Dark
Finizen,45,40,70,Paldea,45,40,75,Water,DNE
Palafin,70,72,100,Paldea,53,62,100,Water,DNE
Varoom,70,63,45,Paldea,30,45,47,Steel,Poison
Revavroom,119,90,80,Paldea,54,67,90,Steel,Poison
Cyclizar,95,65,70,Paldea,85,65,121,Dragon,Normal
Orthworm,85,145,70,Paldea,60,55,65,Steel,DNE
Glimmet,35,42,48,Paldea,105,60,60,Rock,Poison
Glimmora,55,90,83,Paldea,130,81,86,Rock,Poison
Greavard,61,60,50,Paldea,30,55,34,Ghost,DNE
Houndstone,101,100,72,Paldea,50,97,68,Ghost,DNE
Flamigo,115,74,82,Paldea,75,64,90,Flying,Fighting
Cetoddle,68,45,108,Paldea,30,40,43,Ice,DNE
Cetitan,113,65,170,Paldea,45,55,73,Ice,DNE
Veluza,102,73,90,Paldea,78,65,70,Water,Psychic
Dondozo,100,115,150,Paldea,65,65,35,Water,DNE
Tatsugiri,50,60,68,Paldea,120,95,82,Dragon,Water
Annihilape,115,80,110,Paldea,50,90,90,Fighting,Ghost
Clodsire,75,60,130,Paldea,45,100,20,Poison,Ground
Farigiraf,90,70,120,Paldea,110,70,60,Normal,Psychic
Dudunsparce,100,80,125,Paldea,85,75,55,Normal,DNE
Kingambit,135,120,100,Paldea,60,85,50,Dark,Steel
Frigibax,75,45,65,Paldea,35,45,55,Dragon,Ice
Arctibax,95,66,90,Paldea,45,65,62,Dragon,Ice
Baxcalibur,145,92,115,Paldea,75,86,87,Dragon,Ice
Gimmighoul,30,70,45,Paldea,75,70,10,Ghost,DNE
Gholdengo,60,95,87,Paldea,133,91,84,Steel,Ghost
Wo-Chien,85,100,85,Paldea,95,135,70,Dark,Grass
Chien-Pao,120,80,80,Paldea,90,65,135,Dark,Ice
Ting-Lu,110,125,155,Paldea,55,80,45,Dark,Ground
Chi-Yu,80,80,55,Paldea,135,120,100,Dark,Fire
Koraidon,135,115,100,Paldea,85,100,135,Fighting,Dragon
Miraidon,85,100,100,Paldea,135,115,135,Electric,Dragon
